artist_name,sex,country_of_origin,primary_language,primary_genre,artist_type,debut_year,total_streams,lead_streams,feature_streams,solo_streams,pct_solo,collaborative_streams,pct_collab,id,feature_ratio,debut_era,language_group
Drake,Male,Canada,English,Hip-Hop,Solo,2006,137492.1,94851.1,42640.9,53323.9,38.78325,84168.2,61.21675,1,0.45,Pre-2010 (Legacy),English
Taylor Swift,Female,United States,English,Pop,Solo,2006,127861,126177.3,1683.8,113421.5,88.70688,14439.5,11.29312,2,0.013,Pre-2010 (Legacy),English
Bad Bunny,Male,United States,Spanish,Reggaeton,Solo,2013,125899.8,82189.3,43710.5,48887,38.83009,77012.8,61.16991,3,0.532,2010-2015 (Transition),Non-English
The Weeknd,Male,Canada,English,R&B,Solo,2009,95703.2,77189.4,18513.8,51020,53.31065,44683.2,46.68935,4,0.24,Pre-2010 (Legacy),English
Justin Bieber,Male,Canada,English,Pop,Solo,2009,78104.4,48316.2,29788.2,29638.3,37.94703,48466.1,62.05297,5,0.617,Pre-2010 (Legacy),English
Ariana Grande,Female,United States,English,Pop,Solo,2013,68298.9,57097.5,11201.4,41615.5,60.93143,26683.4,39.06857,6,0.196,2010-2015 (Transition),English
Travis Scott,Male,United States,English,Hip-Hop,Solo,2013,65349.7,35338.7,30027,25309.9,38.72994,40039.8,61.27006,7,0.85,2010-2015 (Transition),English
Kanye West,Male,United States,English,Hip-Hop,Solo,2004,65142.9,46558.4,18584.5,28473,43.70852,36669.9,56.29148,8,0.399,Pre-2010 (Legacy),English
Ed Sheeran,Male,United Kingdom,English,Pop,Solo,2011,64656.9,57704,6967.8,46700,72.2274,17956.9,27.7726,9,0.121,2010-2015 (Transition),English
Eminem,Male,United States,English,Hip-Hop,Solo,1996,64549,54466.8,10100.7,32940,51.031,31609,48.969,10,0.185,Pre-2010 (Legacy),English
Rihanna,Female,Barbados,English,Pop,Solo,2005,60670.7,44824.4,15846.4,30261.8,49.87877,30408.9,50.12123,11,0.354,Pre-2010 (Legacy),English
Billie Eilish,Female,United States,English,Pop,Solo,2015,58049.5,57160.1,889.4,51567.9,88.83436,6481.6,11.16564,12,0.016,2010-2015 (Transition),English
Bruno Mars,Male,United States,English,Pop,Solo,2010,56727.1,40714,16013.1,33618.1,59.26286,23109,40.73714,13,0.393,2010-2015 (Transition),English
Kendrick Lamar,Male,United States,English,Hip-Hop,Solo,2009,56459.5,40752.2,15725,23403.5,41.45184,33056,58.54816,14,0.386,Pre-2010 (Legacy),English
Post Malone,Male,United States,English,Pop,Solo,2011,55028.3,48805.6,6235.6,25419.4,46.19332,29608.9,53.80668,15,0.128,2010-2015 (Transition),English
J Balvin,Male,Colombia,Spanish,Reggaeton,Solo,2004,54649.2,25333.3,29334,7844.5,14.35428,46804.7,85.64572,16,1.158,Pre-2010 (Legacy),Non-English
Future,Male,United States,English,Hip-Hop,Solo,2010,53951.5,27879,26072.5,12647.5,23.44235,41304,76.55765,17,0.935,2010-2015 (Transition),English
BTS,Male,South Korea,Korean,K-Pop,Group,2013,53308.9,47969.9,5339,44114.4,82.75241,9194.5,17.24759,18,0.111,2010-2015 (Transition),Non-English
Ozuna,Male,United States,Spanish,Reggaeton,Solo,2012,47649.2,20247.1,27418.9,8621.1,18.09285,39028.1,81.90714,19,1.354,2010-2015 (Transition),Non-English
Coldplay,Male,United Kingdom,English,Rock,Group,1999,46720.4,42837.1,3901.3,38535.2,82.48046,8185.2,17.51954,20,0.091,Pre-2010 (Legacy),English
Juice WRLD,Male,United States,English,Hip-Hop,Solo,2015,46276.4,34132.1,12155.1,26675.7,57.64429,19600.7,42.35571,21,0.356,2010-2015 (Transition),English
Chris Brown,Male,United States,English,R&B,Solo,2005,43963.8,24455.7,19523.9,12219.3,27.794,31744.5,72.20599,22,0.798,Pre-2010 (Legacy),English
Nicki Minaj,Female,Trinidad and Tobago,English,Hip-Hop,Solo,2007,43330.3,16316.4,27027.9,9618.2,22.1974,33712.1,77.8026,23,1.656,Pre-2010 (Legacy),English
Lana Del Rey,Female,United States,English,Alternative,Solo,2010,42464.1,38477.3,3986.8,34578.4,81.42973,7885.7,18.57027,24,0.104,2010-2015 (Transition),English
David Guetta,Male,France,English,EDM,Solo,1990,42059.5,30750.8,11325.3,406.8,0.9672012,41652.7,99.0328,25,0.368,Pre-2010 (Legacy),English
Dua Lipa,Female,United Kingdom,English,Pop,Solo,2015,41944.1,28269.7,13687.6,23133.7,55.15364,18810.4,44.84636,26,0.484,2010-2015 (Transition),English
Daddy Yankee,Male,United States,Spanish,Reggaeton,Solo,1991,41405.4,19772.1,21650,10692.8,25.82465,30712.6,74.17535,27,1.095,Pre-2010 (Legacy),Non-English
Rauw Alejandro,Male,United States,Spanish,Reggaeton,Solo,2014,40738.6,24898,15857.7,10432.5,25.60839,30306.1,74.39161,28,0.637,2010-2015 (Transition),Non-English
Anuel AA,Male,United States,Spanish,Reggaeton,Solo,2011,40453.3,18355.6,22118.9,6177,15.26946,34276.3,84.73054,29,1.205,2010-2015 (Transition),Non-English
XXXTENTACION,Male,United States,English,Hip-Hop,Solo,2013,40411.3,34419.9,5998.9,28138.4,69.63003,12272.9,30.36997,30,0.174,2010-2015 (Transition),English
Imagine Dragons,Male,United States,English,Rock,Group,2012,40279.5,38006.7,2283.2,33880.4,84.11326,6399.1,15.88674,31,0.06,2010-2015 (Transition),English
Lil Wayne,Male,United States,English,Hip-Hop,Solo,1997,40148.2,15870.4,24279.9,4050.9,10.08987,36097.3,89.91013,32,1.53,Pre-2010 (Legacy),English
21 Savage,Male,United Kingdom,English,Hip-Hop,Solo,2014,39024.3,15878,23155.6,7883.1,20.20049,31141.2,79.79951,33,1.458,2010-2015 (Transition),English
SZA,Female,United States,English,R&B,Solo,2012,38879.6,25267.5,13627.2,19804.6,50.93828,19075,49.06172,34,0.539,2010-2015 (Transition),English
Arijit Singh,Male,India,Hindi,Filmi,Solo,2011,37687.8,13330.4,24384.8,4537.4,12.03944,33150.4,87.96056,35,1.829,2010-2015 (Transition),Non-English
Lady Gaga,Female,United States,English,Pop,Solo,2008,37565.4,37009.7,572,23546.2,62.68055,14019.2,37.31945,36,0.015,Pre-2010 (Legacy),English
KAROL G,Female,Colombia,Spanish,Reggaeton,Solo,2007,37549.7,29603.8,7961.5,14790.4,39.38886,22759.3,60.61114,37,0.269,Pre-2010 (Legacy),Non-English
Lil Baby,Male,United States,English,Hip-Hop,Solo,2017,35931.9,18773.5,17171.5,8928.8,24.84923,27003.1,75.15077,38,0.915,2016+ (Streaming-Native),English
Maroon 5,Mixed,United States,English,Pop,Group,2002,35794.1,35585.8,222.6,23312.5,65.12945,12481.6,34.87055,39,0.006,Pre-2010 (Legacy),English
Khalid,Male,United States,English,R&B,Solo,2016,35727.2,18499.9,17234.4,12520.6,35.04501,23206.6,64.95499,40,0.932,2016+ (Streaming-Native),English
Beyonc??,Female,United States,English,Pop,Solo,2003,34975.2,29662.8,5325.3,21863.9,62.51258,13111.3,37.48742,41,0.18,Pre-2010 (Legacy),English
Maluma,Male,Colombia,Spanish,Latin,Solo,2010,34841,19449.8,15404.7,11616.3,33.34089,23224.7,66.65911,42,0.792,2010-2015 (Transition),Non-English
Feid,Male,Colombia,Spanish,Reggaeton,Solo,2015,34579.1,18725.6,15774.1,9877.3,28.56436,24701.8,71.43564,43,0.842,2010-2015 (Transition),Non-English
Calvin Harris,Male,Scotland,English,EDM,Solo,2007,34129.7,31846,2298.3,5998.8,17.57648,28130.9,82.42352,44,0.072,Pre-2010 (Legacy),English
Myke Towers,Male,United States,Spanish,Reggaeton,Solo,2016,33620.7,14022.5,19614.7,9406.6,27.9786,24214.1,72.0214,45,1.399,2016+ (Streaming-Native),Non-English
Linkin Park,Mixed,United States,English,Rock,Group,2000,33224.7,31426.6,1798.1,30151.2,90.74935,3073.5,9.250648,46,0.057,Pre-2010 (Legacy),English
Peso Pluma,Male,Mexico,Spanish,Regional Mexican,Solo,2020,33179.8,18699.1,14501.2,3938.3,11.86957,29241.5,88.13043,47,0.776,2016+ (Streaming-Native),Non-English
J. Cole,Male,United States,English,Hip-Hop,Solo,2007,32200.9,24334.7,7876.1,18999.5,59.00301,13201.4,40.99699,48,0.324,Pre-2010 (Legacy),English
Lil Uzi Vert,Male,United States,English,Hip-Hop,Solo,2014,32115.9,21117.5,11006.6,16803.2,52.3205,15312.7,47.6795,49,0.521,2010-2015 (Transition),English
Sia,Female,Australia,English,Pop,Solo,1997,31642.1,21063.2,10588.2,15741.1,49.74733,15901,50.25267,50,0.503,Pre-2010 (Legacy),English
Doja Cat,Female,United States,English,Pop,Solo,2012,31214.3,25574.2,5650.9,18797.1,60.21951,12417.2,39.78049,51,0.221,2010-2015 (Transition),English
Shakira,Female,Colombia,Spanish,Latin,Solo,1991,31212.4,24041,7171.5,11661.1,37.36047,19551.3,62.63953,52,0.298,Pre-2010 (Legacy),Non-English
Morgan Wallen,Male,United States,English,Country,Solo,2014,31171.1,26589.9,4600.4,23825.8,76.43555,7345.3,23.56446,53,0.173,2010-2015 (Transition),English
Young Thug,Male,United States,English,Hip-Hop,Solo,2011,30933.8,10464.2,20472.3,2792.1,9.02605,28141.7,90.97395,54,1.956,2010-2015 (Transition),English
Farruko,Male,United States,Spanish,Reggaeton,Solo,2009,29775.3,8548.7,21237.2,4615.9,15.50245,25159.4,84.49755,55,2.484,Pre-2010 (Legacy),Non-English
Shawn Mendes,Male,Canada,English,Pop,Solo,2014,29471.1,28781,699,22074.9,74.90355,7396.2,25.09645,56,0.024,2010-2015 (Transition),English
Harry Styles,Male,United Kingdom,English,Pop,Solo,2010,29449,29462.8,0,29449,100,0,0,57,0,2010-2015 (Transition),English
Queen,Male,United Kingdom,English,Rock,Group,1973,29370,29307.6,70.8,26931.7,91.69799,2438.3,8.302009,58,0.002,Pre-2010 (Legacy),English
Sam Smith,Male,United Kingdom,English,Pop,Solo,2012,29197.2,24125.8,5078.3,17995.2,61.63331,11202,38.36669,59,0.21,2010-2015 (Transition),English
One Direction,Mixed,United Kingdom,English,Pop,Group,2011,28889.5,28898.2,0,28801.9,99.69678,87.6,0.3032244,60,0,2010-2015 (Transition),English
Metro Boomin,Male,United States,English,Hip-Hop,Solo,2013,28848.7,13945.2,14911.9,119.7,0.4149234,28729,99.58508,61,1.069,2010-2015 (Transition),English
Olivia Rodrigo,Female,United States,English,Pop,Solo,2021,28799.7,28797.6,2.2,26750.5,92.88465,2049.2,7.115352,62,0,2016+ (Streaming-Native),English
Adele,Female,United Kingdom,English,Pop,Solo,2008,28690.5,28699.5,0,28537.7,99.46742,152.8,0.5325805,63,0,Pre-2010 (Legacy),English
Pritam,Male,India,Hindi,Pop,Solo,2001,28543.9,25181.4,3362.5,11.7,0.04098949,28532.2,99.95901,64,0.134,Pre-2010 (Legacy),Non-English
Katy Perry,Female,United States,English,Pop,Solo,2001,28248,25287.5,2977.8,19629.7,69.49059,8618.3,30.50942,65,0.118,Pre-2010 (Legacy),English
Gunna,Male,United States,English,Hip-Hop,Solo,2013,28195.8,12491.3,15715.6,7949.8,28.19498,20246,71.80502,66,1.258,2010-2015 (Transition),English
Arctic Monkeys,Male,United Kingdom,English,Rock,Group,2005,28155.4,28166.2,0,28130.4,99.91121,25,0.08879291,67,0,Pre-2010 (Legacy),English
Fuerza Regida,Male,United States,Spanish,Latin,Group,2018,27466.8,19814.7,7652.1,11576.2,42.14616,15890.6,57.85384,68,0.386,2016+ (Streaming-Native),Non-English
Junior H,Male,Mexico,Spanish,Regional Mexican,Solo,2019,27406.8,18341.2,9084.4,13658.7,49.8369,13748.1,50.1631,69,0.495,2016+ (Streaming-Native),Non-English
"Tyler, The Creator",Male,United States,English,Hip-Hop,Solo,2009,27125.8,23925.9,3208.7,11656.5,42.972,15469.3,57.028,70,0.134,Pre-2010 (Legacy),English
Selena Gomez,Female,United States,English,Pop,Solo,2008,26895.1,16017.5,10884.4,10921.5,40.60777,15973.6,59.39223,71,0.68,Pre-2010 (Legacy),English
Ty Dolla $ign,Male,United States,English,R&B,Solo,2011,26465.2,5073.8,21394.8,318.4,1.203089,26146.8,98.79691,72,4.217,2010-2015 (Transition),English
The Beatles,Male,United Kingdom,English,Rock,Group,1962,26130.5,26138.7,2.2,26123,99.9713,7.5,0.02870209,73,0,Pre-2010 (Legacy),English
Pitbull,Male,United States,English,Pop,Solo,2004,25875.8,18250.9,7641,2321.7,8.972476,23554.1,91.02753,74,0.419,Pre-2010 (Legacy),English
Nicky Jam,Male,United States,Spanish,Reggaeton,Solo,1995,25875.4,11175.4,14672,2972.5,11.48775,22902.9,88.51225,75,1.313,Pre-2010 (Legacy),Non-English
Playboi Carti,Male,United States,English,Hip-Hop,Solo,2011,25818.4,15382.2,10446.9,10109.8,39.15734,15708.6,60.84266,76,0.679,2010-2015 (Transition),English
Halsey,Female,United States,English,Pop,Solo,2014,25687.5,13902.2,11792.3,12376.1,48.17947,13311.4,51.82053,77,0.848,2010-2015 (Transition),English
Wiz Khalifa,Male,United States,English,Hip-Hop,Solo,2006,25289.9,11748.9,13549.3,4844.5,19.15587,20445.4,80.84413,78,1.153,Pre-2010 (Legacy),English
Michael Jackson,Male,United States,English,Pop,Solo,1964,25264.4,24355.5,908.9,22915.3,90.70193,2349.1,9.298063,79,0.037,Pre-2010 (Legacy),English
Sabrina Carpenter,Female,United States,English,Pop,Solo,2014,24888.6,22789.6,2114.3,22549.4,90.60132,2339.2,9.398681,80,0.093,2010-2015 (Transition),English
Frank Ocean,Male,United States,English,R&B,Solo,2011,24807.4,20425.4,4391.5,18809.3,75.82133,5998.1,24.17867,81,0.215,2010-2015 (Transition),English
Die drei ???,Male,Germany,German,Spoken Word,Group,1979,24607,24525.4,81.6,24410.8,99.20267,196.2,0.7973341,82,0.003,Pre-2010 (Legacy),Non-English
JA??-Z,Male,United States,English,Hip-Hop,Solo,1996,24440.1,13311.3,11139.9,2764.3,11.31051,21675.8,88.68949,83,0.837,Pre-2010 (Legacy),English
A$AP Rocky,Male,United States,English,Hip-Hop,Solo,2011,24217.2,14721.3,9504.3,6253.7,25.82338,17963.5,74.17662,84,0.646,2010-2015 (Transition),English
Miley Cyrus,Female,United States,English,Pop,Solo,2006,23907.6,20739,3175.7,18453.9,77.18842,5453.7,22.81157,85,0.153,Pre-2010 (Legacy),English
The Chainsmokers,Male,United States,English,EDM,Group,2012,23845.1,22661.5,1189.8,3830.9,16.06577,20014.2,83.93423,86,0.053,2010-2015 (Transition),English
Marshmello,Male,United States,English,EDM,Solo,2015,23705.9,17589.4,6122.5,1704.1,7.188506,22001.8,92.81149,87,0.348,2010-2015 (Transition),English
Cardi B,Female,United States,English,Hip-Hop,Solo,2015,22494.9,10833.6,11666.6,4407.8,19.59466,18087.1,80.40533,88,1.077,2010-2015 (Transition),English
Twenty One Pilots,Male,United States,English,Alternative,Group,2009,22475.8,22215.2,269.1,22142.6,98.51752,333.2,1.482483,89,0.012,Pre-2010 (Legacy),English
Disney,Mixed,United States,English,Soundtrack,Group,1949,22236.1,287.8,21966.6,0,0,22236.1,100,90,76.326,Pre-2010 (Legacy),English
Arc?íngel,Male,United States,Spanish,Reggaeton,Solo,2004,21937.3,8927.4,13023.3,3007,13.70725,18930.3,86.29276,91,1.459,Pre-2010 (Legacy),Non-English
Red Hot Chili Peppers,Mixed,United States,English,Rock,Group,1984,21873.8,21884.2,0,21872.4,99.9936,1.4,0.006400351,92,0,Pre-2010 (Legacy),English
Camila Cabello,Female,Cuba,English,Pop,Solo,2012,21546.2,12365.6,9186,6409.3,29.74678,15136.9,70.25322,93,0.743,2010-2015 (Transition),English
$uicideboy$,Male,United States,English,Hip-Hop,Group,2014,21202.3,20357.3,851.6,16646.9,78.5146,4555.4,21.4854,94,0.042,2010-2015 (Transition),English
OneRepublic,Mixed,United States,English,Pop,Group,2007,21182.2,19519.4,1669.7,17506.6,82.6477,3675.6,17.3523,95,0.086,Pre-2010 (Legacy),English
Avicii,Male,Sweden,English,EDM,Solo,2006,21003.5,20142.3,867.4,14179.7,67.51113,6823.8,32.48887,96,0.043,Pre-2010 (Legacy),English
Diplo,Male,United States,English,EDM,Solo,2002,20670.8,5352.4,15318.4,32.5,0.1572266,20638.3,99.84277,97,2.862,Pre-2010 (Legacy),English
Snoop Dogg,Male,United States,English,Hip-Hop,Solo,1993,20644.8,7762,12890.7,1744.2,8.448617,18900.6,91.55138,98,1.661,Pre-2010 (Legacy),English
Romeo Santos,Male,United States,Spanish,Bachata,Solo,2011,20549.2,14249.8,6311,8225.7,40.0293,12323.5,59.9707,99,0.443,2010-2015 (Transition),Non-English
50 Cent,Male,United States,English,Hip-Hop,Solo,2003,20444.6,14112.2,6342,8484.4,41.49947,11960.2,58.50053,100,0.449,Pre-2010 (Legacy),English
Natanael Cano,Male,Mexico,Spanish,Regional Mexican,Solo,2018,20300.7,13993.4,6316.3,7574.2,37.31004,12726.5,62.68996,101,0.451,2016+ (Streaming-Native),Non-English
YoungBoy Never Broke Again,Male,United States,English,Hip-Hop,Solo,2015,20138.1,15305.8,4841.7,13558.6,67.3281,6579.5,32.6719,102,0.316,2010-2015 (Transition),English
Mac Miller,Male,United States,English,Hip-Hop,Solo,2007,20091.1,18765.5,1328,12865.2,64.03432,7225.9,35.96568,103,0.071,Pre-2010 (Legacy),English
DaBaby,Male,United States,English,Hip-Hop,Solo,2015,19977.5,9365.1,10617.1,5320.2,26.63096,14657.3,73.36904,104,1.134,2010-2015 (Transition),English
Don Toliver,Male,United States,English,Hip-Hop,Solo,2017,19830.5,12351.9,7494,8302.6,41.86783,11527.9,58.13217,105,0.607,2016+ (Streaming-Native),English
Zach Bryan,Male,United States,English,Country,Solo,2019,19727.2,19690.8,47.3,15838.7,80.28864,3888.5,19.71136,106,0.002,2016+ (Streaming-Native),English
Kygo,Male,Norway,English,EDM,Solo,2013,19707.8,17829.8,1883.3,250.7,1.272085,19457.1,98.72791,107,0.106,2010-2015 (Transition),English
Sech,Male,Panama,Spanish,Reggaeton,Solo,2014,19528.3,7512.9,12015.4,2397.8,12.27859,17130.5,87.72141,108,1.599,2010-2015 (Transition),Non-English
The Neighbourhood,Male,United States,English,Alternative,Group,2011,19440.5,19435.6,14.3,18793.5,96.6719,647,3.328104,109,0.001,2010-2015 (Transition),English
Quavo,Male,United States,English,Hip-Hop,Solo,2008,19383.5,2977.3,16406.1,809.7,4.177264,18573.8,95.82274,110,5.51,Pre-2010 (Legacy),English
Henrique & Juliano,Male,Brazil,Portuguese,Sertanjeo,Group,2008,19231.7,15881.4,3360.5,15399.4,80.07301,3832.3,19.927,111,0.212,Pre-2010 (Legacy),Non-English
Luke Combs,Male,United States,English,Country,Solo,2014,19101.6,17465.4,1647.2,16648,87.15501,2453.6,12.845,112,0.094,2010-2015 (Transition),English
Elton John,Male,United Kingdom,English,Rock,Solo,1969,19090.4,17435.4,1662.4,12211.1,63.96461,6879.3,36.03539,113,0.095,Pre-2010 (Legacy),English
Manuel Turizo,Male,Colombia,Spanish,Latin,Solo,2016,18912.7,8490.9,10429.4,5716.7,30.22678,13196,69.77322,114,1.228,2016+ (Streaming-Native),Non-English
Trippie Redd,Male,United States,English,Hip-Hop,Solo,2016,18889.6,11762.8,7126.8,5822.1,30.82172,13067.5,69.17828,115,0.606,2016+ (Streaming-Native),English
Tate McRae,Female,Canada,English,Pop,Solo,2017,18707.3,16893.7,1823.3,15280.9,81.68416,3426.4,18.31585,116,0.108,2016+ (Streaming-Native),English
Lil Peep,Male,United States,English,Hip-Hop,Solo,2014,18649.5,17855.2,801,9452.7,50.68608,9196.8,49.31392,117,0.045,2010-2015 (Transition),English
Metallica,Male,United States,English,Rock,Group,1983,18627,18557,77.9,18283.1,98.15376,343.9,1.846245,118,0.004,Pre-2010 (Legacy),English
Don Omar,Male,United States,Spanish,Reggaeton,Solo,2003,18580.6,14990.8,3601.2,8321.9,44.78811,10258.7,55.21189,119,0.24,Pre-2010 (Legacy),Non-English
USHER,Male,United States,English,R&B,Solo,1994,18413.2,12525.4,5896.3,5222.1,28.36063,13191.1,71.63937,120,0.471,Pre-2010 (Legacy),English
Charlie Puth,Male,United States,English,Pop,Solo,2015,18309.3,14642.3,3673.3,8613.7,47.04549,9695.6,52.95451,121,0.251,2010-2015 (Transition),English
Justin Timberlake,Male,United States,English,Pop,Solo,2002,18270.8,13165.8,5114.9,8899.2,48.70723,9371.6,51.29277,122,0.388,Pre-2010 (Legacy),English
Ti?½sto,Male,Netherlands,English,EDM,Solo,1994,18217.1,13653.1,4569.1,3490.5,19.16057,14726.6,80.83943,123,0.335,Pre-2010 (Legacy),English
Sean Paul,Male,Jamaica,English,Reggae,Solo,1996,18203.3,9674.9,8539.4,4460.6,24.50435,13742.7,75.49565,124,0.883,Pre-2010 (Legacy),English
Tyga,Male,United States,English,Hip-Hop,Solo,2008,18064.3,7403,10664.8,2757.4,15.26436,15306.9,84.73564,125,1.441,Pre-2010 (Legacy),English
Kali Uchis,Female,Colombia,English,R&B,Solo,2012,18005.3,10367,7646.6,7259.1,40.31646,10746.2,59.68354,126,0.738,2010-2015 (Transition),English
Kodak Black,Male,United States,English,Hip-Hop,Solo,2009,17738.8,11748.1,5997.1,7693.4,43.37046,10045.4,56.62954,127,0.51,Pre-2010 (Legacy),English
Jason Derulo,Male,United States,English,Pop,Solo,2009,17720.2,13610.1,4116.2,8342.7,47.08017,9377.5,52.91983,128,0.302,Pre-2010 (Legacy),English
BLACKPINK,Female,South Korea,Korean,K-Pop,Group,2016,17517.4,7595.2,9927.8,15415.4,88.0005,2102,11.9995,129,1.307,2016+ (Streaming-Native),Non-English
JHAYCO,Male,United States,Spanish,Reggaeton,Solo,2017,17516.1,16311.4,1210.7,2137.8,12.20477,15378.3,87.79523,130,0.074,2016+ (Streaming-Native),Non-English
Bebe Rexha,Female,United States,English,Pop,Solo,2014,17440.2,5933.3,11512.1,2784,15.96312,14656.2,84.03688,131,1.94,2010-2015 (Transition),English
Daft Punk,Male,France,English,EDM,Group,1994,17316.6,10309.7,7013.9,6283,36.2831,11033.6,63.7169,132,0.68,Pre-2010 (Legacy),English
Luis Miguel,Male,Mexico,Spanish,Latin,Solo,1982,17314.1,17301.5,20,17281,99.80882,33.1,0.1911737,133,0.001,Pre-2010 (Legacy),Non-English
Demi Lovato,Female,United States,English,Pop,Solo,2008,17119.5,11625.6,5498.6,10006,58.44797,7113.5,41.55203,134,0.473,Pre-2010 (Legacy),English
Akon,Male,Senegal,English,R&B,Solo,2004,17056,8007.4,9059.5,4403.1,25.81555,12652.9,74.18445,135,1.131,Pre-2010 (Legacy),English
AC/DC,Male,Australia,English,Rock,Group,1975,17010.5,17018,0,17010.5,100,0,0,136,0,Pre-2010 (Legacy),English
Sebastian Yatra,Male,Colombia,Spanish,Latin,Solo,2013,16984.3,10969.8,6018.9,4419.3,26.01991,12565,73.98009,137,0.549,2010-2015 (Transition),Non-English
Car?¡n Le??n,Male,Mexico,Spanish,Regional Mexican,Solo,2010,16969.4,10480.8,6497.7,7429.1,43.77939,9540.3,56.22061,138,0.62,2010-2015 (Transition),Non-English
Alan Walker,Male,Norway,English,EDM,Solo,2014,16893.4,13879.3,3019.1,5321.5,31.50047,11571.9,68.49953,139,0.218,2010-2015 (Transition),English
A Boogie Wit da Hoodie,Male,United States,English,Hip-Hop,Solo,2016,16877.3,11425.9,5455.1,6395.3,37.89291,10482,62.10709,140,0.477,2016+ (Streaming-Native),English
Fleetwood Mac,Mixed,United Kingdom,English,Rock,Group,1967,16577.5,16577.5,0.4,16567.4,99.93907,10.1,0.06092595,141,0,Pre-2010 (Legacy),English
Hozier,Male,Ireland,English,Rock,Solo,2013,16556.5,15920.4,641.8,15519.5,93.7366,1037,6.263401,142,0.04,2010-2015 (Transition),English
Ellie Goulding,Female,United Kingdom,English,Pop,Solo,2009,16553.3,11362.1,5197.6,8685.9,52.47232,7867.4,47.52768,143,0.457,Pre-2010 (Legacy),English
Radiohead,Male,United Kingdom,English,Rock,Group,1992,16454.9,16461.5,3,16382.5,99.56001,72.4,0.4399905,144,0,Pre-2010 (Legacy),English
Big Sean,Male,United States,English,Hip-Hop,Solo,2007,16428.9,12009.4,4364.5,2139,13.01974,14289.9,86.98026,145,0.363,Pre-2010 (Legacy),English
Flo Rida,Male,United States,English,Hip-Hop,Solo,2007,16366.1,14784.2,1492.7,4359.8,26.63921,12006.3,73.36079,146,0.101,Pre-2010 (Legacy),English
P!nk,Female,United States,English,Pop,Solo,2000,16271.6,7125.4,9125,11023,67.7438,5248.6,32.2562,147,1.281,Pre-2010 (Legacy),English
Nirvana,Male,United States,English,Rock,Group,1989,16228.7,16236,0,16228.7,100,0,0,148,0,Pre-2010 (Legacy),English
Pop Smoke,Male,United States,English,Hip-Hop,Solo,2018,16217.4,14631.5,1588.4,7841.6,48.353,8375.8,51.647,149,0.109,2016+ (Streaming-Native),English
Britney Spears,Female,United States,English,Pop,Solo,1998,16148.3,14108.3,2048.1,13480.8,83.48123,2667.5,16.51877,150,0.145,Pre-2010 (Legacy),English
James Arthur,Male,United Kingdom,English,Pop,Solo,2012,16111.6,14817.7,1297.6,12881.3,79.95047,3230.3,20.04953,151,0.088,2010-2015 (Transition),English
Tory Lanez,Male,Canada,English,Hip-Hop,Solo,2009,16021.1,11602.1,4424.8,8229.4,51.36601,7791.7,48.63399,152,0.381,Pre-2010 (Legacy),English
Pharrell Williams,Male,United States,English,Hip-Hop,Solo,2006,15952.2,4000.7,11957.2,2951.3,18.5009,13000.9,81.49911,153,2.989,Pre-2010 (Legacy),English
DJ Snake,Male,France,English,EDM,Solo,2013,15921.1,12030.1,3896.3,527.5,3.313213,15393.6,96.68679,154,0.324,2010-2015 (Transition),English
Daniel Caesar,Male,Canada,English,R&B,Solo,2014,15876.2,12905.1,2982.4,7353.2,46.31587,8523,53.68413,155,0.231,2010-2015 (Transition),English
Black Eyed Peas,Mixed,United States,English,Hip-Hop,Group,1998,15775.7,15257.4,527.7,11623,73.67661,4152.7,26.3234,156,0.035,Pre-2010 (Legacy),English
Swae Lee,Male,United States,English,Hip-Hop,Solo,2010,15746,502.4,15243.6,142.8,0.906897,15603.2,99.0931,157,30.342,2010-2015 (Transition),English
Shreya Ghoshal,Female,India,Hindi,Filmi,Solo,2002,15723,2035.3,13703.9,690.5,4.391655,15032.5,95.60835,158,6.733,Pre-2010 (Legacy),Non-English
Duki,Male,Argentina,Spanish,Hip-Hop,Solo,2016,15684.7,7885.7,7799,3430.6,21.87227,12254.1,78.12773,159,0.989,2016+ (Streaming-Native),Non-English
Bizarrap,Male,Argentina,Spanish,Latin,Solo,2017,15638.8,13216.1,2427.2,84.5,0.5403228,15554.3,99.45968,160,0.184,2016+ (Streaming-Native),Non-English
Migos,Male,United States,English,Hip-Hop,Group,2013,15562.1,13694,1874.1,4814.9,30.93991,10747.2,69.06009,161,0.137,2010-2015 (Transition),English
The Kid LAROI,Male,Australia,English,Hip-Hop,Solo,2018,15561.7,10487.9,5077.6,6776.1,43.54344,8785.6,56.45656,162,0.484,2016+ (Streaming-Native),English
Mar?¡lia Mendon?ºa,Female,Brazil,Portuguese,Sertanjeo,Solo,2011,15528.2,7743.7,7783.6,7736.5,49.82226,7791.7,50.17774,163,1.005,2010-2015 (Transition),Non-English
Anitta,Female,Brazil,Portuguese,Pop,Solo,2012,15525.6,11131.7,4374.8,3212,20.68841,12313.6,79.31159,164,0.393,2010-2015 (Transition),Non-English
Green Day,Male,United States,English,Rock,Group,1990,15453.3,15342.6,118.3,15333.7,99.22606,119.6,0.7739447,165,0.008,Pre-2010 (Legacy),English
Lil Durk,Male,United States,English,Hip-Hop,Solo,2011,15329.4,6848.7,8480.7,2898.8,18.91007,12430.6,81.08994,166,1.238,2010-2015 (Transition),English
Polo G,Male,United States,English,Hip-Hop,Solo,2017,15252.2,13192.5,2067.1,7139.4,46.80899,8112.8,53.19101,167,0.157,2016+ (Streaming-Native),English
A.R. Rahman,Male,India,Tamil,Filmi,Solo,1992,15240.4,10857.5,4397.5,594.9,3.903441,14645.5,96.09656,168,0.405,Pre-2010 (Legacy),Non-English
G-Eazy,Male,United States,English,Hip-Hop,Solo,2006,15133,11606.5,3518.6,1928.5,12.74367,13204.5,87.25632,169,0.303,Pre-2010 (Legacy),English
Kid Cudi,Male,United States,English,Hip-Hop,Solo,2008,15086.8,10607.6,4483.9,5835.1,38.67686,9251.7,61.32314,170,0.423,Pre-2010 (Legacy),English
Justin Quiles,Male,United States,Spanish,Reggaeton,Solo,2010,15041.1,4978.9,10062.1,2069.9,13.76163,12971.2,86.23837,171,2.021,2010-2015 (Transition),Non-English
Bob Marley & The Wailers,Male,Jamaica,English,Reggae,Group,1962,14992.7,14837.1,161.6,13836,92.28491,1156.7,7.715088,172,0.011,Pre-2010 (Legacy),English
Stray Kids,Male,South Korea,Korean,K-Pop,Group,2018,14947.4,14819,136.5,13482.3,90.1983,1465.1,9.801704,173,0.009,2016+ (Streaming-Native),Non-English
Anirudh Ravichander,Male,India,Tamil,Filmi,Solo,2012,14897.8,12456.5,2450,1543.3,10.35925,13354.5,89.64075,174,0.197,2010-2015 (Transition),Non-English
Ne-Yo,Male,United States,English,R&B,Solo,2006,14888.6,8808.5,6090.2,8012,53.81298,6876.6,46.18702,175,0.691,Pre-2010 (Legacy),English
Gucci Mane,Male,United States,English,Hip-Hop,Solo,2005,14880.2,7106.1,7779.1,1618.8,10.87889,13261.4,89.12112,176,1.095,Pre-2010 (Legacy),English
ROSAL?ìA,Female,Spain,Spanish,Pop,Solo,2016,14558.4,10084,4479.1,5316.8,36.5205,9241.6,63.4795,177,0.444,2016+ (Streaming-Native),Non-English
Charli xcx,Female,United Kingdom,English,Pop,Solo,2008,14544.4,10175.3,4376,6747.8,46.39449,7796.6,53.60551,178,0.43,Pre-2010 (Legacy),English
Joji,Male,Japan,English,R&B,Solo,2017,14512.1,13579.3,938.4,12111.7,83.45932,2400.4,16.54068,179,0.069,2016+ (Streaming-Native),English
Fall Out Boy,Male,United States,English,Rock,Group,2003,14507.7,10717.2,3796.5,12380.2,85.33537,2127.5,14.66463,180,0.354,Pre-2010 (Legacy),English
PARTYNEXTDOOR,Male,Canada,English,R&B,Solo,2013,14506.3,13237.2,1275,7177.2,49.47643,7329.1,50.52357,181,0.096,2010-2015 (Transition),English
Jorge & Mateus,Male,Brazil,Portuguese,Sertanjeo,Group,2007,14404.4,11024,3391.4,10484.4,72.78609,3920,27.21391,182,0.308,Pre-2010 (Legacy),Non-English
Offset,Male,United States,English,Hip-Hop,Solo,2015,14402.6,13416.1,990,791.1,5.492758,13611.5,94.50724,183,0.074,2010-2015 (Transition),English
Panic! At The Disco,Male,United States,English,Rock,Group,2005,14402.3,4417.2,9988.5,13038,90.52721,1364.3,9.472793,184,2.261,Pre-2010 (Legacy),English
Tame Impala,Male,Australia,English,Rock,Solo,2008,14387.1,13232.8,1165.4,12678.8,88.12617,1708.3,11.87383,185,0.088,Pre-2010 (Legacy),English
Quevedo,Male,Spain,Spanish,Reggaeton,Solo,2020,14345.2,7659.9,6698.1,4914.9,34.26163,9430.3,65.73837,186,0.874,2016+ (Streaming-Native),Non-English
Morat,Male,Colombia,Spanish,Latin,Group,2015,14293.7,11695.5,2609,8588.9,60.08871,5704.8,39.91129,187,0.223,2010-2015 (Transition),Non-English
Zara Larsson,Female,Sweden,English,Pop,Solo,2008,14221.3,9372.1,4858.7,7138.3,50.19443,7083,49.80557,188,0.518,Pre-2010 (Legacy),English
Tito Double P,Male,Mexico,Spanish,Regional Mexican,Solo,2023,14166.6,7969.4,6215.6,3646.4,25.73942,10520.2,74.26058,189,0.78,2016+ (Streaming-Native),Non-English
Jul,Male,France,French,Hip-Hop,Solo,2013,14127.8,11142.3,2993.2,8903.2,63.01901,5224.6,36.98099,190,0.269,2010-2015 (Transition),Non-English
2Pac,Male,United States,English,Hip-Hop,Solo,1991,14116.7,13659.9,462.4,5423.2,38.41691,8693.5,61.58309,191,0.034,Pre-2010 (Legacy),English
Gorillaz,Male,United Kingdom,English,Alternative,Group,2001,14104.4,14087.5,23.4,3963.9,28.104,10140.5,71.896,192,0.002,Pre-2010 (Legacy),English
Lewis Capaldi,Male,Scotland,English,Pop,Solo,2017,14087.8,14091.2,0,13608.5,96.59776,479.3,3.402235,193,0,2016+ (Streaming-Native),English
Grupo Frontera,Male,United States,Spanish,Regional Mexican,Group,2022,13999.3,8094.6,5914.6,2001.5,14.29714,11997.8,85.70286,194,0.731,2016+ (Streaming-Native),Non-English
Camilo,Male,Colombia,Spanish,Pop,Solo,2007,13994.1,8290.1,5703.9,3475.3,24.83404,10518.8,75.16596,195,0.688,Pre-2010 (Legacy),Non-English
Lenny Tav?írez,Male,United States,Spanish,Reggaeton,Solo,2009,13994,944.9,13049.1,136,0.9718451,13858,99.02815,196,13.81,Pre-2010 (Legacy),Non-English
2 Chainz,Male,United States,English,Hip-Hop,Solo,2007,13978.6,4090.4,9888.1,895.7,6.407652,13082.9,93.59235,197,2.417,Pre-2010 (Legacy),English
NF,Male,United States,English,Hip-Hop,Solo,2010,13891.9,9309.2,4586.6,12293.1,88.49113,1598.8,11.50887,198,0.493,2010-2015 (Transition),English
Bryson Tiller,Male,United States,English,R&B,Solo,2011,13890.6,13739.5,155.6,8915.5,64.18369,4975.1,35.81631,199,0.011,2010-2015 (Transition),English
Rels B,Male,Spain,Spanish,Hip-Hop,Solo,2014,13734.1,11278.9,2462,8953.7,65.19321,4780.4,34.80679,200,0.218,2010-2015 (Transition),Non-English
Roddy Ricch,Male,United States,English,Hip-Hop,Solo,2017,13692,6665,7030,4971.3,36.30806,8720.7,63.69194,201,1.055,2016+ (Streaming-Native),English
Guns N' Roses,Male,United States,English,Rock,Group,1985,13683,13689.3,0,13682.2,99.99416,0.8,0.005846671,202,0,Pre-2010 (Legacy),English
Mariah Carey,Female,United States,English,Pop,Solo,1990,13650.2,12396.8,1258.3,10348.7,75.81354,3301.5,24.18646,203,0.102,Pre-2010 (Legacy),English
Noah Kahan,Male,United States,English,Folk,Solo,2017,13543.1,12815.1,728,10726.1,79.19974,2817,20.80026,204,0.057,2016+ (Streaming-Native),English
Megan Thee Stallion,Female,United States,English,Hip-Hop,Solo,2016,13532,7853.3,5683.7,4660.7,34.44206,8871.3,65.55794,205,0.724,2016+ (Streaming-Native),English
Christian Nodal,Male,Mexico,Spanish,Regional Mexican,Solo,2016,13503.4,9602.3,3932.5,8044.7,59.57537,5458.7,40.42463,206,0.41,2016+ (Streaming-Native),Non-English
Brent Faiyaz,Male,United States,English,R&B,Solo,2013,13490.4,9955.4,3540.8,8582.9,63.62228,4907.5,36.37772,207,0.356,2010-2015 (Transition),English
Martin Garrix,Male,Netherlands,English,EDM,Solo,2012,13468.7,12222.3,1249.7,1202.8,8.930335,12265.9,91.06966,208,0.102,2010-2015 (Transition),English
Banda MS de Sergio Liz?írraga,Male,Mexico,Spanish,Regional Mexican,Group,2003,13433.6,12366.7,1072.9,11154.7,83.03582,2278.9,16.96418,209,0.087,Pre-2010 (Legacy),Non-English
Pink Floyd,Male,United Kingdom,English,Rock,Group,1967,13404.2,11623.7,1790.5,13400.7,99.97389,3.5,0.02611122,210,0.154,Pre-2010 (Legacy),English
mgk,Male,United States,English,Hip-Hop,Solo,2006,13398.3,13409.8,0,4665.5,34.82158,8732.8,65.17842,211,0,Pre-2010 (Legacy),English
Wisin & Yandel,Male,United States,Spanish,Reggaeton,Group,1998,13323.2,8971.1,4360.5,5734.4,43.04071,7588.8,56.95929,212,0.486,Pre-2010 (Legacy),Non-English
Dr. Dre,Male,United States,English,Hip-Hop,Solo,1984,13320.3,8568.7,4756.2,464.4,3.486408,12855.9,96.5136,213,0.555,Pre-2010 (Legacy),English
Mora,Male,United States,Spanish,Reggaeton,Solo,2017,13291,10113.7,3183.3,4068.1,30.60793,9222.9,69.39207,214,0.315,2016+ (Streaming-Native),Non-English
Cigarettes After Sex,Mixed,United States,English,Alternative,Group,2008,13287,13294.9,0,13287,100,0,0,215,0,Pre-2010 (Legacy),English
Childish Gambino,Male,United States,English,Hip-Hop,Solo,2008,13281.8,12309.2,978.1,11171.3,84.10983,2110.5,15.89017,216,0.079,Pre-2010 (Legacy),English
Wisin,Male,United States,Spanish,Reggaeton,Solo,2000,13273.4,4702.2,8580.5,575.4,4.334986,12698,95.66502,217,1.825,Pre-2010 (Legacy),Non-English
Major Lazer,Mixed,United States,English,EDM,Group,2009,13220.4,11619.7,1604,45.4,0.3434087,13175,99.65659,218,0.138,Pre-2010 (Legacy),English
John Mayer,Male,United States,English,Pop,Solo,1999,13208.3,12134.4,1076.8,11821.4,89.49979,1386.9,10.50022,219,0.089,Pre-2010 (Legacy),English
Miguel,Male,United States,English,R&B,Solo,2010,13065.7,7612.4,5460.1,5541.7,42.41411,7524,57.58589,220,0.717,2010-2015 (Transition),English
Lil Nas X,Male,United States,English,Hip-Hop,Solo,2018,13039.8,12982.3,59.7,7413.1,56.8498,5626.7,43.1502,221,0.005,2016+ (Streaming-Native),English
System Of A Down,Male,United States,English,Metal,Group,1998,13009.4,13017.1,0,12963.5,99.64718,45.9,0.3528218,222,0,Pre-2010 (Legacy),English
Logic,Male,United States,English,Hip-Hop,Solo,2009,12994.4,12999.7,0,5593.4,43.0447,7401,56.9553,223,0,Pre-2010 (Legacy),English
ABBA,Mixed,Sweden,English,Pop,Group,1972,12992.2,10479.5,2516.3,12992.2,100,0,0,224,0.24,Pre-2010 (Legacy),English
Becky G,Female,United States,Spanish,Latin,Solo,2013,12985.2,8772.2,4216.8,2160.8,16.64048,10824.4,83.35952,225,0.481,2010-2015 (Transition),Non-English
Yandel,Male,United States,Spanish,Reggaeton,Solo,2003,12929.7,5938.5,6997.8,1490.1,11.52463,11439.6,88.47537,226,1.178,Pre-2010 (Legacy),Non-English
Enrique Iglesias,Male,Spain,Spanish,Latin,Solo,1995,12857.9,11010.3,1853,3301,25.67293,9556.9,74.32706,227,0.168,Pre-2010 (Legacy),Non-English
Lil Yachty,Male,United States,English,Hip-Hop,Solo,2015,12823.8,5535,7288.8,2109.2,16.44754,10714.6,83.55246,228,1.317,2010-2015 (Transition),English
Luis R Conriquez,Male,Mexico,Spanish,Regional Mexican,Solo,2018,12810.9,6582.9,6236.2,1707.5,13.32849,11103.4,86.67151,229,0.947,2016+ (Streaming-Native),Non-English
Zion & Lennox,Male,United States,Spanish,Reggaeton,Group,2000,12799.8,5018.4,7786.4,1713.9,13.39005,11085.9,86.60995,230,1.552,Pre-2010 (Legacy),Non-English
5 Seconds of Summer,Male,Australia,English,Rock,Group,2011,12788.3,12025.6,766.3,11526.4,90.13239,1261.9,9.867614,231,0.064,2010-2015 (Transition),English
Jack Harlow,Male,United States,English,Hip-Hop,Solo,2015,12751,8481.6,4272.5,5659.8,44.38711,7091.2,55.61289,232,0.504,2010-2015 (Transition),English
TWICE,Female,South Korea,Korean,K-Pop,Group,2015,12716.2,2648.7,10073.4,12242.6,96.27562,473.6,3.724383,233,3.803,2010-2015 (Transition),Non-English
?æengo Flow,Male,United States,Spanish,Reggaeton,Solo,2004,12713.2,12596.1,124.8,1284.7,10.10524,11428.5,89.89475,234,0.01,Pre-2010 (Legacy),Non-English
Ava Max,Female,United States,English,Pop,Solo,2008,12700.7,8281.2,4423.1,7763.9,61.1297,4936.8,38.8703,235,0.534,Pre-2010 (Legacy),English
ZAYN,Male,United Kingdom,English,Pop,Solo,2010,12650.8,11398.2,1255.5,5777.3,45.66747,6873.5,54.33253,236,0.11,2010-2015 (Transition),English
Michael Bubl??,Male,Canada,English,Pop,Solo,2001,12647.5,11934,715.4,10362.7,81.93477,2284.8,18.06523,237,0.06,Pre-2010 (Legacy),English
Macklemore,Male,United States,English,Hip-Hop,Solo,2000,12593.2,6266,6330.7,351.5,2.791189,12241.7,97.20881,238,1.01,Pre-2010 (Legacy),English
Anne-Marie,Female,United Kingdom,English,Pop,Solo,2013,12593,12542.7,29.5,3706.6,29.43381,8886.4,70.56618,239,0.002,2010-2015 (Transition),English
The Rolling Stones,Male,United Kingdom,English,Rock,Group,1964,12566.2,4905.7,7658.9,12335.7,98.16572,230.5,1.834286,240,1.561,Pre-2010 (Legacy),English
Frank Sinatra,Male,United States,English,Pop,Solo,1939,12421.7,11999.7,421.9,9162.6,73.76285,3259.1,26.23715,241,0.035,Pre-2010 (Legacy),English
Robin Schulz,Male,Germany,German,EDM,Solo,2014,12403.3,7261.2,5145.8,376.4,3.034676,12026.9,96.96532,242,0.709,2010-2015 (Transition),Non-English
Bryant Myers,Male,United States,Spanish,Reggaeton,Solo,2015,12394.6,4419.4,7981.5,1528.1,12.32876,10866.5,87.67124,243,1.806,2010-2015 (Transition),Non-English
Gusttavo Lima,Male,Brazil,Portuguese,Sertanjeo,Solo,2009,12324.9,10393.6,1924.7,8841.9,71.74014,3483,28.25986,244,0.185,Pre-2010 (Legacy),Non-English
Eladio Carrion,Male,United States,Spanish,Hip-Hop,Solo,2017,12209.5,8937.9,3281.7,3226.5,26.42614,8983,73.57386,245,0.367,2016+ (Streaming-Native),Non-English
Grupo Firme,Male,Mexico,Spanish,Regional Mexican,Group,2014,12151.3,8589.8,3569.6,2705.2,22.26264,9446.1,77.73736,246,0.416,2010-2015 (Transition),Non-English
Amitabh Bhattacharya,Male,India,Hindi,Filmi,Solo,2008,12136.7,8.4,12135.9,0,0,12136.7,100,247,1444.75,Pre-2010 (Legacy),Non-English
Alicia Keys,Female,United States,English,R&B,Solo,2001,12099.6,8350.5,3754.7,7341.3,60.67391,4758.3,39.32609,248,0.45,Pre-2010 (Legacy),English
Kesha,Female,United States,English,Pop,Solo,2009,12094.7,7821.4,4279.1,7189.4,59.44257,4905.3,40.55743,249,0.547,Pre-2010 (Legacy),English
LAUV,Male,United States,English,Pop,Solo,2015,11966.9,10802.2,1167.1,7423,62.02943,4543.9,37.97057,250,0.108,2010-2015 (Transition),English
Madonna,Female,United States,English,Pop,Solo,1982,11879.6,10122.7,1768.2,8527.5,71.78272,3352.1,28.21728,251,0.175,Pre-2010 (Legacy),English
Reik,Male,Mexico,Spanish,Latin,Group,2005,11853.7,9900.6,1953.1,5248.7,44.279,6605,55.721,252,0.197,Pre-2010 (Legacy),Non-English
John Legend,Male,United States,English,R&B,Solo,2004,11821.6,7454.6,4369.1,5783.2,48.92062,6038.4,51.07938,253,0.586,Pre-2010 (Legacy),English
Meghan Trainor,Female,United States,English,Pop,Solo,2009,11817.1,9731.6,2088,7684.3,65.02695,4132.8,34.97305,254,0.215,Pre-2010 (Legacy),English
Lil Tecca,Male,United States,English,Hip-Hop,Solo,2017,11783.3,10687.5,1099.4,8809.8,74.76514,2973.5,25.23487,255,0.103,2016+ (Streaming-Native),English
Lorde,Female,New Zealand,English,Pop,Solo,2012,11721,11036,689,10605.6,90.48375,1115.4,9.516253,256,0.062,2010-2015 (Transition),English
MC Ryan SP,Male,Brazil,Portuguese,Hip-Hop,Solo,2019,11715.1,1404.1,10305.2,7.7,0.06572714,11707.4,99.93427,257,7.339,2016+ (Streaming-Native),Non-English
Chris Stapleton,Male,United States,English,Country,Solo,2015,11678.7,9802.2,1883.1,9721.8,83.24385,1956.9,16.75615,258,0.192,2010-2015 (Transition),English
French Montana,Male,Morocco,English,Hip-Hop,Solo,2002,11640.6,6067.8,5576.2,325.2,2.79367,11315.4,97.20633,259,0.919,Pre-2010 (Legacy),English
Melanie Martinez,Female,United States,English,Pop,Solo,2014,11632.9,11637.4,0,11489.7,98.769,143.2,1.230991,260,0,2010-2015 (Transition),English
Elvis Presley,Male,United States,English,Rock,Solo,1954,11588.8,11545,47.3,10653.5,91.92928,935.3,8.070724,261,0.004,Pre-2010 (Legacy),English
Rick Ross,Male,United States,English,Hip-Hop,Solo,2006,11575.2,3209.4,8365.8,747.3,6.456044,10827.9,93.54395,262,2.607,Pre-2010 (Legacy),English
Cris MJ,Male,Chile,Spanish,Reggaeton,Solo,2019,11566.2,7224.2,4349.4,4663,40.31575,6903.2,59.68425,263,0.602,2016+ (Streaming-Native),Non-English
Zedd,Male,Russia,English,EDM,Solo,2010,11481.4,11486.5,0,235.7,2.052886,11245.7,97.94711,264,0,2010-2015 (Transition),English
Paramore,Mixed,United States,English,Rock,Group,2005,11480.4,8241.1,3243.6,11420.3,99.4765,60.1,0.5235009,265,0.394,Pre-2010 (Legacy),English
Chance the Rapper,Male,United States,English,Hip-Hop,Solo,2012,11475.1,3956.3,7518.7,545.7,4.755514,10929.4,95.24448,266,1.9,2010-2015 (Transition),English
Ninho,Male,France,French,Hip-Hop,Solo,2017,11459.5,7069.7,4399.6,5201.4,45.38942,6258.1,54.61058,267,0.622,2016+ (Streaming-Native),Non-English
blackbear,Male,United States,English,R&B,Solo,2006,11428.5,7562.2,3868,6108.9,53.45321,5319.6,46.54679,268,0.511,Pre-2010 (Legacy),English
Creedence Clearwater Revival,Male,United States,English,Rock,Group,1968,11314.2,11274.4,44.7,11264.9,99.56426,49.3,0.4357356,269,0.004,Pre-2010 (Legacy),English
T-Pain,Male,United States,English,R&B,Solo,2005,11238.2,4609.5,6628.7,839.9,7.473617,10398.3,92.52638,270,1.438,Pre-2010 (Legacy),English
Jung Kook,Male,South Korea,Korean,K-Pop,Solo,2013,11232.6,9653.8,1583.7,4076.4,36.2908,7156.2,63.7092,271,0.164,2010-2015 (Transition),Non-English
Skrillex,Male,United States,English,EDM,Solo,2010,11198.8,5328.3,5873.2,961.9,8.589314,10236.9,91.41069,272,1.102,2010-2015 (Transition),English
DJ Khaled,Male,United States,English,Hip-Hop,Solo,2006,11196,10287.7,910.9,656.6,5.864594,10539.4,94.13541,273,0.089,Pre-2010 (Legacy),English
Wizkid,Male,Nigeria,English,Afrobeats,Solo,2011,11149,3260,7882.2,1292,11.58848,9857,88.41151,274,2.418,2010-2015 (Transition),English
Oasis,Male,United Kingdom,English,Rock,Group,1994,11063.6,11073.6,0,11061.4,99.98012,2.2,0.01988503,275,0,Pre-2010 (Legacy),English
Christina Aguilera,Female,United States,English,Pop,Solo,1999,11060.5,6055.9,5004.6,4661.1,42.14186,6399.4,57.85814,276,0.826,Pre-2010 (Legacy),English
Slipknot,Male,United States,English,Metal,Group,1999,11051.4,11056.2,0,11051.4,100,0,0,277,0,Pre-2010 (Legacy),English
Irshad Kamil,Male,India,Hindi,Filmi,Solo,2004,11014.9,5793.9,5236.3,0,0,11014.9,100,278,0.904,Pre-2010 (Legacy),Non-English
Little Mix,Female,United Kingdom,English,Pop,Group,2011,10985.7,0,11024.9,6916.9,62.96276,4068.8,37.03724,279,NULL,2010-2015 (Transition),English
Be??le,Male,Colombia,Spanish,Reggaeton,Solo,2019,10974,9511.5,1474.2,3645.8,33.22216,7328.2,66.77784,280,0.155,2016+ (Streaming-Native),Non-English
The Notorious B.I.G.,Male,United States,English,Hip-Hop,Solo,1993,10968.8,5006.4,5977.1,7034.7,64.13373,3934.1,35.86628,281,1.194,Pre-2010 (Legacy),English
Mitski,Female,Japan,English,Alternative,Solo,2012,10939.4,9358.8,1614.9,10795.1,98.68092,144.3,1.319085,282,0.173,2010-2015 (Transition),English
Tainy,Male,United States,Spanish,Reggaeton,Solo,2006,10933.4,10905.7,38,8.1,0.07408492,10925.3,99.92592,283,0.003,Pre-2010 (Legacy),Non-English
Z?? Neto & Cristiano,Male,Brazil,Portuguese,Sertanjeo,Group,2011,10914.2,9203.4,1721.9,8573.2,78.55088,2341,21.44912,284,0.187,2010-2015 (Transition),Non-English
Rammstein,Male,Germany,German,Metal,Group,1995,10902.6,10910.3,0,10773.4,98.81496,129.2,1.185038,285,0,Pre-2010 (Legacy),Non-English
Labrinth,Male,United Kingdom,English,Pop,Solo,2010,10783.2,7412.3,3373.2,5819.8,53.97099,4963.4,46.02901,286,0.455,2010-2015 (Transition),English
Chencho Corleone,Male,United States,Spanish,Reggaeton,Solo,1999,10776.2,10712.5,63.9,291.9,2.708747,10484.3,97.29125,287,0.006,Pre-2010 (Legacy),Non-English
Darell,Male,United States,Spanish,Reggaeton,Solo,2010,10772,595.6,10180.6,689.2,6.398069,10082.8,93.60193,288,17.093,2010-2015 (Transition),Non-English
Bon Jovi,Male,United States,English,Rock,Group,1984,10771.3,10772.2,0.6,10575.9,98.18592,195.4,1.81408,289,0,Pre-2010 (Legacy),English
The Killers,Male,United States,English,Rock,Group,2004,10767.6,1893.8,8878.2,10569.4,98.15929,198.2,1.840707,290,4.688,Pre-2010 (Legacy),English
blink-182,Male,United States,English,Rock,Group,1995,10760.4,10630.4,133.8,10584.7,98.36716,175.7,1.632839,291,0.013,Pre-2010 (Legacy),English
Summer Walker,Female,United States,English,R&B,Solo,2018,10756.4,7776.1,2980.3,3834.9,35.65226,6921.5,64.34774,292,0.383,2016+ (Streaming-Native),English
Jhen?? Aiko,Female,United States,English,R&B,Solo,2002,10731.7,6224.9,4506.8,3239.2,30.18348,7492.5,69.81653,293,0.724,Pre-2010 (Legacy),English
Kehlani,Female,United States,English,R&B,Solo,2014,10712.8,6060.2,4663.4,4257.4,39.74125,6455.4,60.25875,294,0.77,2010-2015 (Transition),English
Clean Bandit,Mixed,United Kingdom,English,Pop,Group,2012,10711.2,10381.4,333.5,73.4,0.6852641,10637.8,99.31474,295,0.032,2010-2015 (Transition),English
David Bowie,Male,United Kingdom,English,Rock,Solo,1967,10696.6,8379.6,2317,8204.5,76.70194,2492.1,23.29806,296,0.277,Pre-2010 (Legacy),English
U2,Male,Ireland,English,Rock,Group,1979,10616.1,10020.5,599.3,9771.3,92.04227,844.8,7.957725,297,0.06,Pre-2010 (Legacy),English
Aventura,Male,United States,Spanish,Bachata,Group,1996,10607,10520.3,92.7,8371.3,78.92241,2235.7,21.07759,298,0.009,Pre-2010 (Legacy),Non-English
Foo Fighters,Male,United States,English,Rock,Group,1994,10571.1,10570.2,4.5,10555.6,99.85337,15.5,0.1466262,299,0,Pre-2010 (Legacy),English
The 1975,Male,United Kingdom,English,Rock,Group,2012,10489.6,10191.7,301.5,10165.9,96.91409,323.7,3.085914,300,0.03,2010-2015 (Transition),English
Maria Becerra,Female,Argentina,Spanish,Latin,Solo,2019,10476.9,3977.8,6499.1,2597.3,24.79073,7879.6,75.20927,301,1.634,2016+ (Streaming-Native),Non-English
Plan B,Male,United Kingdom,English,Hip-Hop,Solo,2006,10449,7062.7,3394.7,6337.8,60.65461,4111.2,39.34539,302,0.481,Pre-2010 (Legacy),English
Steve Lacy,Male,United States,English,R&B,Solo,2015,10368.7,9179.2,1201.2,8970.6,86.51615,1398.1,13.48385,303,0.131,2010-2015 (Transition),English
De La Ghetto,Male,United States,Spanish,Reggaeton,Solo,2004,10352.8,1937.7,8415.1,410.2,3.962213,9942.6,96.03779,304,4.343,Pre-2010 (Legacy),Non-English
Troye Sivan,Male,South Africa,English,Pop,Solo,2006,10332.8,7323,3009.8,6153.5,59.55307,4179.3,40.44693,305,0.411,Pre-2010 (Legacy),English
Conan Gray,Male,United States,English,Pop,Solo,2017,10313.5,10145.1,172,10141.5,98.33228,172,1.667717,306,0.017,2016+ (Streaming-Native),English
Ludacris,Male,United States,English,Hip-Hop,Solo,1999,10293,6016.2,4284.3,745.9,7.246673,9547.1,92.75333,307,0.712,Pre-2010 (Legacy),English
Burna Boy,Male,Nigeria,English,Afrobeats,Solo,2012,10290.6,2289.2,8003.8,4395.8,42.71666,5894.8,57.28334,308,3.496,2010-2015 (Transition),English
Danny Ocean,Male,Venezuela,Spanish,Latin,Solo,2009,10234.3,8102.5,2138.3,6955,67.95775,3279.3,32.04225,309,0.264,Pre-2010 (Legacy),Non-English
Meek Mill,Male,United States,English,Hip-Hop,Solo,2003,10231.2,7551.1,2685,2118.4,20.70529,8112.8,79.29471,310,0.356,Pre-2010 (Legacy),English
My Chemical Romance,Male,United States,English,Rock,Group,2002,10180.2,10185.8,0,10132.8,99.53439,47.4,0.4656097,311,0,Pre-2010 (Legacy),English
Alessia Cara,Female,Canada,English,Pop,Solo,2015,10179.3,6431.1,3750.4,5420.2,53.24728,4759.1,46.75272,312,0.583,2010-2015 (Transition),English
Vishal-Shekhar,Male,India,Hindi,Filmi,Group,1999,10165,8858.9,1312.6,6.7,0.06591245,10158.3,99.93409,313,0.148,Pre-2010 (Legacy),Non-English
Paulo Londra,Male,Argentina,Spanish,Hip-Hop,Solo,2017,10160.5,8082,2081.7,6415.1,63.13764,3745.4,36.86236,314,0.258,2016+ (Streaming-Native),Non-English
La Arrolladora Banda El Lim??n De Rene Camacho,Male,Mexico,Spanish,Regional Mexican,Group,1997,10147.9,10065.9,89.1,9956.8,98.11685,191.1,1.883148,315,0.009,Pre-2010 (Legacy),Non-English
Yeat,Male,United States,English,Hip-Hop,Solo,2015,10141.7,9084.2,1067.9,7696.5,75.88964,2445.2,24.11036,316,0.118,2010-2015 (Transition),English
Matheus & Kauan,Male,Brazil,Portuguese,Sertanjeo,Group,2010,10122.5,8138.6,1988.4,5614.2,55.46258,4508.3,44.53742,317,0.244,2010-2015 (Transition),Non-English
Alok,Male,Brazil,Portuguese,EDM,Solo,2004,10115.7,9351.5,766.2,269.8,2.667141,9845.9,97.33286,318,0.082,Pre-2010 (Legacy),Non-English
Bring Me The Horizon,Male,United Kingdom,English,Rock,Group,2006,10108,8333.7,1782,8006.1,79.20558,2101.9,20.79442,319,0.214,Pre-2010 (Legacy),English
Central Cee,Male,United Kingdom,English,Hip-Hop,Solo,2014,10095.5,6587,3508.5,5050.9,50.0312,5044.6,49.9688,320,0.533,2010-2015 (Transition),English
League of Legends,Mixed,United States,English,Soundtrack,Group,2009,10048.3,3456.4,6591.9,257,2.557647,9791.3,97.44235,321,1.907,Pre-2010 (Legacy),English
Mac DeMarco,Male,Canada,English,Rock,Solo,2012,9970.2,9813.7,161.5,9795.8,98.25079,174.4,1.749213,322,0.016,2010-2015 (Transition),English
Benson Boone,Male,United States,English,Pop,Solo,2021,9949.6,9956.4,0,9911.9,99.62109,37.7,0.3789097,323,0,2016+ (Streaming-Native),English
Dalex,Male,United States,Spanish,Reggaeton,Solo,2014,9948.7,4105.3,5843.4,471.7,4.741323,9477,95.25867,324,1.423,2010-2015 (Transition),Non-English
Nickelback,Male,Canada,English,Rock,Group,1996,9933.4,9932.9,6.1,9864.7,99.3084,68.7,0.6916061,325,0.001,Pre-2010 (Legacy),English
Marc Anthony,Male,United States,Spanish,Latin,Solo,1988,9914.5,6239,3689.5,5931.4,59.82551,3983.1,40.17449,326,0.591,Pre-2010 (Legacy),Non-English
Man?í,Mixed,Mexico,Spanish,Rock,Group,1987,9914.4,9921.1,6.1,7817.7,78.85197,2096.7,21.14803,327,0.001,Pre-2010 (Legacy),Non-English
Led Zeppelin,Male,United Kingdom,English,Rock,Group,1969,9909.5,9912.8,0,9909.5,100,0,0,328,0,Pre-2010 (Legacy),English
M?Ñneskin,Mixed,Italy,Italian,Rock,Group,2017,9899.4,9883,20.1,9351.9,94.46936,547.5,5.530638,329,0.002,2016+ (Streaming-Native),Non-English
Florida Georgia Line,Male,United States,English,Country,Group,2010,9869.3,6437,3432.3,4558.7,46.19071,5310.6,53.80929,330,0.533,2010-2015 (Transition),English
Luis Fonsi,Male,United States,Spanish,Latin,Solo,1998,9862.6,4889.8,4976.4,1538.9,15.60339,8323.7,84.39661,331,1.018,Pre-2010 (Legacy),Non-English
RAYE,Female,United Kingdom,English,Pop,Solo,2014,9859.6,4832.5,5032.9,2441.1,24.75861,7418.5,75.24139,332,1.041,2010-2015 (Transition),English
Neton Vega,Male,Mexico,Spanish,Latin,Solo,2023,9854,8668.1,1197.3,2611.1,26.49787,7242.9,73.50213,333,0.138,2016+ (Streaming-Native),Non-English
Gracie Abrams,Female,United States,English,Pop,Solo,2019,9797.8,9279.7,543.3,8953.2,91.3797,844.6,8.620302,334,0.059,2016+ (Streaming-Native),English
Timbaland,Male,United States,English,Hip-Hop,Solo,1997,9734,4314.3,5425.4,31,0.3184713,9703,99.68153,335,1.258,Pre-2010 (Legacy),English
Jeremih,Male,United States,English,R&B,Solo,2009,9713,5586.8,4126.1,2334.8,24.03789,7378.2,75.96211,336,0.739,Pre-2010 (Legacy),English
The Lumineers,Male,United States,English,Folk,Group,2012,9666.1,9207.9,460.8,9168.3,94.85004,497.8,5.149957,337,0.05,2010-2015 (Transition),English
Oscar Maydon,Male,Mexico,Spanish,Latin,Solo,2020,9609,5573.7,4061,436.8,4.545738,9172.2,95.45426,338,0.729,2016+ (Streaming-Native),Non-English
Anderson .Paak,Male,United States,English,R&B,Solo,2014,9513.7,9454.3,63.4,1289.2,13.55098,8224.5,86.44901,339,0.007,2010-2015 (Transition),English
Chase Atlantic,Male,Australia,English,R&B,Group,2014,9513,9329.3,185.8,8793,92.43141,720,7.56859,340,0.02,2010-2015 (Transition),English
Juli??n ?ülvarez y su Norte??o Banda,Male,Mexico,Spanish,Regional Mexican,Group,2007,9503.3,2467.8,7045.9,9278.4,97.63345,224.9,2.366546,341,2.855,Pre-2010 (Legacy),Non-English
Prince Royce,Male,United States,Spanish,Bachata,Solo,2010,9495.2,6483.6,3011.7,4320.4,45.50089,5174.8,54.49911,342,0.465,2010-2015 (Transition),Non-English
Bastille,Male,United Kingdom,English,Alternative,Group,2010,9439.9,4498.2,4948.6,5621.4,59.54936,3818.5,40.45064,343,1.1,2010-2015 (Transition),English
Sfera Ebbasta,Male,Italy,Italian,Hip-Hop,Solo,2011,9437.3,6110.3,3331.7,2399.2,25.42253,7038.1,74.57748,344,0.545,2010-2015 (Transition),Non-English
Florence + The Machine,Female,United Kingdom,English,Rock,Group,2009,9401,8691.5,712.9,8081.2,85.96107,1319.8,14.03893,345,0.082,Pre-2010 (Legacy),English
YG,Male,United States,English,Hip-Hop,Solo,2008,9362.3,4260.1,5102.2,1075.6,11.48863,8286.7,88.51137,346,1.198,Pre-2010 (Legacy),English
Alejandro Sanz,Male,Spain,Spanish,Latin,Solo,1989,9340.1,6691.7,2658.2,5230.2,55.99726,4109.9,44.00274,347,0.397,Pre-2010 (Legacy),Non-English
Lil Tjay,Male,United States,English,Hip-Hop,Solo,2017,9314.8,5409.5,3905.3,1907.2,20.47494,7407.6,79.52505,348,0.722,2016+ (Streaming-Native),English
GIV?ÆON,Male,United States,English,R&B,Solo,2018,9302.9,5809.3,3497.2,5699,61.26047,3603.9,38.73953,349,0.602,2016+ (Streaming-Native),English
Billy Joel,Male,United States,English,Rock,Solo,1971,9290.9,9255.2,40.4,9207.2,99.09912,83.7,0.9008815,350,0.004,Pre-2010 (Legacy),English
Luke Bryan,Male,United States,English,Country,Solo,2007,9213.5,9212.7,8.3,7646.2,82.98909,1567.3,17.01091,351,0.001,Pre-2010 (Legacy),English
Muse,Male,United Kingdom,English,Rock,Group,1999,9212.4,7752.7,1460.8,9165,99.48547,47.4,0.5145239,352,0.188,Pre-2010 (Legacy),English
Jonas Blue,Male,United Kingdom,English,EDM,Solo,2015,9206.7,7645.1,1564.1,36.4,0.3953643,9170.3,99.60464,353,0.205,2010-2015 (Transition),English
Teddy Swims,Male,United States,English,Pop,Solo,2019,9177.5,7949,1236.7,7238.3,78.87006,1939.2,21.12994,354,0.156,2016+ (Streaming-Native),English
Juanes,Male,Colombia,Spanish,Latin,Solo,1988,9121.6,4954.8,4166.8,4039.5,44.28499,5082.1,55.71501,355,0.841,Pre-2010 (Legacy),Non-English
Jennifer Lopez,Female,United States,English,Pop,Solo,1999,9115.7,7543,1578.6,2706.2,29.68724,6409.5,70.31276,356,0.209,Pre-2010 (Legacy),English
Cartel De Santa,Male,Mexico,Spanish,Hip-Hop,Group,2002,9107.5,8630.9,487.3,5817.4,63.87483,3290.1,36.12517,357,0.056,Pre-2010 (Legacy),Non-English
T.I.,Male,United States,English,Hip-Hop,Solo,2001,9084.9,4560.6,4524.3,1805.2,19.87033,7279.7,80.12967,358,0.992,Pre-2010 (Legacy),English
Gabito Ballesteros,Male,Mexico,Spanish,Regional Mexican,Solo,2015,9076.4,3472,5604.3,752.1,8.286325,8324.3,91.71368,359,1.614,2010-2015 (Transition),Non-English
El Alfa,Male,Dominican Republic,Spanish,Latin,Solo,2008,9056.5,5112.2,3944.3,561.5,6.199967,8495,93.80003,360,0.772,Pre-2010 (Legacy),Non-English
Alka Yagnik,Female,India,Hindi,Filmi,Solo,1980,8988.2,2897.2,6102.8,551.1,6.131372,8437.1,93.86863,361,2.106,Pre-2010 (Legacy),Non-English
Blessd,Male,Colombia,Spanish,Reggaeton,Solo,2018,8965,6387.9,2587.4,1238.1,13.81037,7726.9,86.18963,362,0.405,2016+ (Streaming-Native),Non-English
NATTI NATASHA,Female,Dominican Republic,Spanish,Reggaeton,Solo,2010,8960.1,3564,5398.2,687.9,7.67737,8272.2,92.32263,363,1.515,2010-2015 (Transition),Non-English
Bruce Springsteen,Male,United States,English,Rock,Solo,1973,8927.6,8741.2,189.7,8713.3,97.59958,214.3,2.400421,364,0.022,Pre-2010 (Legacy),English
Alfredo Olivas,Male,Mexico,Spanish,Regional Mexican,Solo,2011,8916,8080,844.9,7975.8,89.45491,940.2,10.54509,365,0.105,2010-2015 (Transition),Non-English
Jonas Brothers,Male,United States,English,Pop,Group,2006,8909.9,6844.4,2067.7,6517.9,73.15346,2392,26.84654,366,0.302,Pre-2010 (Legacy),English
Hans Zimmer,Male,Germany,German,Soundtrack,Solo,1977,8906.9,8155.5,751.4,5041.5,56.60218,3865.4,43.39782,367,0.092,Pre-2010 (Legacy),Non-English
Julia Michaels,Female,United States,English,Pop,Solo,2010,8899.6,4219.1,4681.7,2876.3,32.31943,6023.3,67.68057,368,1.11,2010-2015 (Transition),English
Deftones,Male,United States,English,Metal,Group,1995,8848.3,8855.1,0,8823.4,99.71859,24.9,0.28141,369,0,Pre-2010 (Legacy),English
Clairo,Female,United States,English,Pop,Solo,2012,8831,6995.1,1840.3,6603.2,74.77296,2227.8,25.22704,370,0.263,2010-2015 (Transition),English
Whitney Houston,Female,United States,English,R&B,Solo,1985,8828.8,7564.4,1267.8,6762.6,76.59705,2066.2,23.40295,371,0.168,Pre-2010 (Legacy),English
Tove Lo,Female,Sweden,English,Pop,Solo,2006,8809.4,5689.4,3122.8,4223.1,47.93856,4586.3,52.06144,372,0.549,Pre-2010 (Legacy),English
DJ Luian,Male,United States,Spanish,Reggaeton,Solo,2010,8801.6,1220.6,7581,0,0,8801.6,100,373,6.211,2010-2015 (Transition),Non-English
Amy Winehouse,Female,United Kingdom,English,Soul,Solo,2003,8780.4,8238.2,547.7,7557.9,86.07694,1222.5,13.92306,374,0.066,Pre-2010 (Legacy),English
TV Girl,Male,United States,English,Pop,Group,2010,8779.9,7850.9,932.8,8155.1,92.88374,624.8,7.116254,375,0.119,2010-2015 (Transition),English
Tanishk Bagchi,Male,India,Hindi,Filmi,Solo,2015,8733,2987.7,5745.3,6.8,0.07786557,8726.2,99.92213,376,1.923,2010-2015 (Transition),Non-English
Dave,Male,United Kingdom,English,Hip-Hop,Solo,2015,8715.2,7648.8,1071.6,2526.7,28.99188,6188.5,71.00813,377,0.14,2010-2015 (Transition),English
Avril Lavigne,Female,Canada,English,Pop,Solo,2002,8706.4,8477.3,233,8083.8,92.84894,622.6,7.151061,378,0.027,Pre-2010 (Legacy),English
Lost Frequencies,Male,Belgium,English,EDM,Solo,2014,8699.2,8316.2,386.2,1923.6,22.11238,6775.6,77.88762,379,0.046,2010-2015 (Transition),English
Kings of Leon,Male,United States,English,Rock,Group,2003,8647.8,8598.1,54,8555.2,98.92921,92.6,1.070793,380,0.006,Pre-2010 (Legacy),English
Joan Sebastian,Male,Mexico,Spanish,Regional Mexican,Solo,1975,8622.1,8534,98.1,7271,84.3298,1351.1,15.6702,381,0.011,Pre-2010 (Legacy),Non-English
Alejandro Fern?índez,Male,Mexico,Spanish,Latin,Solo,1992,8617.1,7717.5,899.6,6368.3,73.90305,2248.8,26.09695,382,0.117,Pre-2010 (Legacy),Non-English
Glass Animals,Male,United Kingdom,English,Alternative,Group,2012,8591.1,8578.7,15.4,7995.8,93.07074,595.3,6.929264,383,0.002,2010-2015 (Transition),English
Sachin-Jigar,Male,India,Hindi,Filmi,Group,2009,8584.2,6741.1,1843.2,20,0.2329862,8564.2,99.76701,384,0.273,Pre-2010 (Legacy),Non-English
Fetty Wap,Male,United States,English,Hip-Hop,Solo,2014,8564.5,5566.1,3001.4,3239,37.8189,5325.5,62.1811,385,0.539,2010-2015 (Transition),English
NAV,Male,Canada,English,Hip-Hop,Solo,2017,8564.4,5619.6,2944.9,1852.6,21.6314,6711.8,78.3686,386,0.524,2016+ (Streaming-Native),English
Jack Johnson,Male,United States,English,Rock,Solo,2001,8551.4,8199.3,355,7907.6,92.47141,643.8,7.528592,387,0.043,Pre-2010 (Legacy),English
SEVENTEEN,Mixed,South Korea,Korean,K-Pop,Group,2015,8531.3,8465.7,70,8284.9,97.11181,246.4,2.888188,388,0.008,2010-2015 (Transition),Non-English
The Script,Male,Ireland,English,Rock,Group,2008,8509.5,8483.9,29.2,6435.4,75.62607,2074.1,24.37394,389,0.003,Pre-2010 (Legacy),English
TINI,Female,Argentina,Spanish,Pop,Solo,2016,8507.9,5811.9,2696,1929.8,22.68245,6578.1,77.31755,390,0.464,2016+ (Streaming-Native),Non-English
Backstreet Boys,Mixed,United States,English,Pop,Group,1996,8485.9,8144,346,8125.7,95.75531,360.2,4.244688,391,0.042,Pre-2010 (Legacy),English
Jimin,Male,South Korea,Korean,K-Pop,Solo,2013,8472.9,7819.3,656.6,6967.6,82.23395,1505.3,17.76605,392,0.084,2010-2015 (Transition),Non-English
Mambo Kingz,Male,United States,Spanish,Reggaeton,Group,2004,8457.4,369.6,8087.7,1.3,0.01537115,8456.1,99.98463,393,21.882,Pre-2010 (Legacy),Non-English
NLE Choppa,Male,United States,English,Hip-Hop,Solo,2018,8453.7,6568.5,1885.2,4039.2,47.78026,4414.5,52.21974,394,0.287,2016+ (Streaming-Native),English
GIMS,Male,DR Congo,French,Hip-Hop,Solo,2013,8439.5,6942.6,1509.4,3538.8,41.93139,4900.7,58.06861,395,0.217,2010-2015 (Transition),Non-English
Calibre 50,Male,Mexico,Spanish,Regional Mexican,Group,2010,8433.8,7838.5,603.3,7244.3,85.89603,1189.5,14.10396,396,0.077,2010-2015 (Transition),Non-English
Chappell Roan,Female,United States,English,Pop,Solo,2017,8382.9,8387.8,0,8380.3,99.96899,2.6,0.03101552,397,0,2016+ (Streaming-Native),English
Stevie Wonder,Male,United States,English,Soul,Solo,1962,8371.5,7723.5,648,7485.7,89.41886,885.8,10.58114,398,0.084,Pre-2010 (Legacy),English
Juicy J,Male,United States,English,Hip-Hop,Solo,1991,8370.9,1884.2,6486.7,175.8,2.100133,8195.1,97.89986,399,3.443,Pre-2010 (Legacy),English
Mark Ronson,Male,United Kingdom,English,Pop,Solo,2003,8366.3,6159.1,2210.1,10.3,0.123113,8356,99.87688,400,0.359,Pre-2010 (Legacy),English
Kelly Clarkson,Female,United States,English,Pop,Solo,2002,8339.3,7864.3,477.4,7297.4,87.50615,1041.9,12.49385,401,0.061,Pre-2010 (Legacy),English
The Offspring,Male,United States,English,Rock,Group,1989,8330.4,8328.6,5.6,8188.5,98.2966,141.9,1.7034,402,0.001,Pre-2010 (Legacy),English
Bonez MC,Male,Germany,German,Hip-Hop,Solo,2006,8326.7,4696.4,3630.4,1125.8,13.52036,7200.9,86.47964,403,0.773,Pre-2010 (Legacy),Non-English
Bibi Blocksberg,Female,Germany,German,Children's Music,Solo,1980,8316.5,8317.8,0,8289,99.66933,27.5,0.3306679,404,0,Pre-2010 (Legacy),Non-English
Milo j,Male,Argentina,Spanish,Hip-Hop,Solo,2021,8309.1,5592,2724.4,3545.8,42.67369,4763.3,57.32631,405,0.487,2016+ (Streaming-Native),Non-English
Jay Wheeler,Male,United States,Spanish,Reggaeton,Solo,2019,8282.3,6707,1607.4,999.5,12.0679,7282.8,87.9321,406,0.24,2016+ (Streaming-Native),Non-English
felix jaehn,Male,Germany,English,EDM,Solo,2013,8278.7,4898.7,3389.6,53.5,0.6462367,8225.2,99.35376,407,0.692,2010-2015 (Transition),English
Niall Horan,Male,Ireland,English,Pop,Solo,2010,8263,3585.1,4693.6,6241,75.52947,2022,24.47053,408,1.309,2010-2015 (Transition),English
6ix9ine,Male,United States,English,Hip-Hop,Solo,2017,8240.2,6845.4,1394.8,2320.7,28.16315,5919.5,71.83685,409,0.204,2016+ (Streaming-Native),English
Nate Dogg,Male,United States,English,Hip-Hop,Solo,1992,8235.9,1236.7,6999.2,228.2,2.770796,8007.7,97.2292,410,5.66,Pre-2010 (Legacy),English
Noriel,Male,United States,Spanish,Reggaeton,Solo,2014,8216.5,760.9,7455.6,196.8,2.39518,8019.7,97.60482,411,9.798,2010-2015 (Transition),Non-English
Vicente Fern?índez,Male,Mexico,Spanish,Regional Mexican,Solo,1966,8205.4,8009,204.5,7878.1,96.01116,327.3,3.988837,412,0.026,Pre-2010 (Legacy),Non-English
Three Days Grace,Male,Canada,English,Rock,Group,2003,8203,7983.1,224.9,7947.8,96.88895,255.2,3.111057,413,0.028,Pre-2010 (Legacy),English
Aerosmith,Mixed,United States,English,Rock,Group,1973,8200.1,7224.1,979.3,7171.3,87.45381,1028.8,12.54619,414,0.136,Pre-2010 (Legacy),English
Bee Gees,Male,United Kingdom,English,Pop,Group,1963,8197.2,8080.4,120.7,7892.6,96.2841,304.6,3.715903,415,0.015,Pre-2010 (Legacy),English
Udit Narayan,Male,Nepal,Hindi,Filmi,Solo,1980,8186.9,3408.5,4789.5,515.9,6.30153,7671,93.69847,416,1.405,Pre-2010 (Legacy),Non-English
Piso 21,Male,Colombia,Spanish,Latin,Group,2012,8164.9,7391.5,775.8,1621.1,19.8545,6543.8,80.1455,417,0.105,2010-2015 (Transition),Non-English
Rod Wave,Male,United States,English,Hip-Hop,Solo,2015,8148,7808,340,6616.8,81.20766,1531.2,18.79234,418,0.044,2010-2015 (Transition),English
Vance Joy,Male,Australia,English,Folk,Solo,2013,8092.2,7918.7,176.9,7804.3,96.44225,287.9,3.557747,419,0.022,2010-2015 (Transition),English
Bon Iver,Male,United States,English,Folk,Solo,2007,8065.4,7161.8,905.7,4817,59.72425,3248.4,40.27575,420,0.126,Pre-2010 (Legacy),English
Eslabon Armado,Male,United States,Spanish,Regional Mexican,Group,2020,8063.4,5540.4,2525,3610.3,44.77392,4453.1,55.22608,421,0.456,2016+ (Streaming-Native),Non-English
JENNIE,Female,South Korea,Korean,K-Pop,Solo,2016,8056.8,4415.6,3648.3,3447,42.78374,4609.8,57.21626,422,0.826,2016+ (Streaming-Native),Non-English
Russ,Male,United States,English,Hip-Hop,Solo,2011,8043.6,7678.7,364.9,6527.6,81.15272,1516,18.84728,423,0.048,2010-2015 (Transition),English
Rae Sremmurd,Male,United States,English,Hip-Hop,Group,2013,8030.3,7270.4,754.2,4098.4,51.0367,3931.9,48.9633,424,0.104,2010-2015 (Transition),English
Jess Glynne,Female,United Kingdom,English,Pop,Solo,2014,8019.9,3097.3,4922.6,2755.3,34.35579,5264.6,65.64421,425,1.589,2010-2015 (Transition),English
The Smiths,Male,United Kingdom,English,Rock,Group,1983,8014.7,8019.1,0,8014.7,100,0,0,426,0,Pre-2010 (Legacy),English
Eagles,Male,United States,English,Rock,Group,1972,7987.3,7990.9,0,7987.3,100,0,0,427,0,Pre-2010 (Legacy),English
The Police,Male,United Kingdom,English,Rock,Group,1977,7976.6,7980.4,0.6,7960.2,99.7944,16.4,0.2056014,428,0,Pre-2010 (Legacy),English
Phil Collins,Male,United Kingdom,English,Pop,Solo,1981,7940.4,7942.6,0,7116.9,89.62898,823.5,10.37101,429,0,Pre-2010 (Legacy),English
The Strokes,Male,United States,English,Rock,Group,2001,7934.8,4641.5,3299.4,7901.6,99.58159,33.2,0.41841,430,0.711,Pre-2010 (Legacy),English
Atif Aslam,Male,Pakistan,Urdu,Pop,Solo,2002,7934.5,2022.8,5906,723,9.112105,7211.5,90.88789,431,2.92,Pre-2010 (Legacy),Non-English
Ovy On The Drums,Male,Colombia,Spanish,Reggaeton,Solo,2016,7921.6,7400.3,508.4,7.5,0.09467784,7914.1,99.90532,432,0.069,2016+ (Streaming-Native),Non-English
Olivia Dean,Female,United Kingdom,English,Soul,Solo,2018,7892.9,7895.6,0,7164.5,90.77145,728.4,9.228547,433,0,2016+ (Streaming-Native),English
Dire Straits,Male,United Kingdom,English,Rock,Group,1978,7891.3,7595.8,298.7,7890.8,99.99367,0.5,0.006336092,434,0.039,Pre-2010 (Legacy),English
NewJeans,Female,South Korea,Korean,K-Pop,Group,2022,7886.9,7880.6,5.3,7566,95.93123,320.9,4.068772,435,0.001,2016+ (Streaming-Native),Non-English
Avenged Sevenfold,Male,United States,English,Metal,Group,2001,7871.9,7152,706.6,7858.1,99.82469,13.8,0.1753071,436,0.099,Pre-2010 (Legacy),English
Ricardo Arjona,Male,Guatemala,Spanish,Latin,Solo,1985,7852.2,7854.4,4,7062,89.93658,790.2,10.06342,437,0.001,Pre-2010 (Legacy),Non-English
Los ?üngeles Azules,Mixed,Mexico,Spanish,Latin,Group,1982,7838.9,7528,310.9,2829.8,36.09945,5009.1,63.90055,438,0.041,Pre-2010 (Legacy),Non-English
Rex Orange County,Male,United Kingdom,English,Pop,Solo,2015,7824.1,6895.6,928.5,6188.5,79.09536,1635.6,20.90464,439,0.135,2010-2015 (Transition),English
ScHoolboy Q,Male,United States,English,Hip-Hop,Solo,2008,7817.3,4590.4,3227,1655.2,21.17355,6162.1,78.82645,440,0.703,Pre-2010 (Legacy),English
6LACK,Male,United States,English,R&B,Solo,2016,7810.5,3575.2,4235.2,2342.1,29.98656,5468.4,70.01344,441,1.185,2016+ (Streaming-Native),English
Disclosure,Male,United Kingdom,English,EDM,Group,2010,7787.8,5988.8,1801.6,801,10.28532,6986.8,89.71468,442,0.301,2010-2015 (Transition),English
Brytiago,Male,United States,Spanish,Reggaeton,Solo,2014,7785.3,2720.2,5065.1,69.3,0.8901391,7716,99.10986,443,1.862,2010-2015 (Transition),Non-English
Alesso,Male,Sweden,English,EDM,Solo,2010,7765.7,4434.2,3331.5,781.1,10.05833,6984.6,89.94167,444,0.751,2010-2015 (Transition),English
RAF Camora,Male,Austria,German,Hip-Hop,Solo,2006,7738.2,3470.6,4267.7,1580.4,20.42336,6157.8,79.57664,445,1.23,Pre-2010 (Legacy),Non-English
Nelly,Male,United States,English,Hip-Hop,Solo,2000,7729.6,6445.6,1287.7,2355.3,30.47118,5374.3,69.52882,446,0.2,Pre-2010 (Legacy),English
Mumford & Sons,Male,United Kingdom,English,Rock,Group,2009,7713.9,7713.9,0,7200.6,93.34578,513.3,6.654222,447,0,Pre-2010 (Legacy),English
Kumaar,Male,India,Hindi,Pop,Solo,1999,7689.5,107.1,7598.6,0,0,7689.5,100,448,70.949,Pre-2010 (Legacy),Non-English
Pearl Jam,Male,United States,English,Rock,Group,1991,7673.1,7673.1,0,7659.2,99.81885,13.9,0.1811523,449,0,Pre-2010 (Legacy),English
Zion,Male,United States,Spanish,Reggaeton,Solo,2004,7661.6,1713.9,5947.7,560.9,7.320925,7100.7,92.67908,450,3.47,Pre-2010 (Legacy),Non-English
Ryan Castro,Male,Colombia,Spanish,Reggaeton,Solo,2017,7645.2,4203.6,3448.5,1809.6,23.66975,5835.6,76.33025,451,0.82,2016+ (Streaming-Native),Non-English
Nelly Furtado,Female,Canada,English,Pop,Solo,2000,7628.1,6657.6,974.8,3569,46.78754,4059.1,53.21246,452,0.146,Pre-2010 (Legacy),English
Wesley Safad?úo,Male,Brazil,Portuguese,Latin,Solo,2003,7618.8,5257.8,2361,2908.3,38.17268,4710.5,61.82732,453,0.449,Pre-2010 (Legacy),Non-English
Disturbed,Male,United States,English,Metal,Group,2000,7612.3,7614.9,0,6849.1,89.97412,763.2,10.02588,454,0,Pre-2010 (Legacy),English
H.E.R.,Female,United States,English,R&B,Solo,2016,7608.2,3801.5,3806.7,2191.8,28.80839,5416.4,71.19161,455,1.001,2016+ (Streaming-Native),English
Rita Ora,Female,United Kingdom,English,Pop,Solo,2012,7596.7,3575.7,4021,2786.1,36.67514,4810.6,63.32486,456,1.125,2010-2015 (Transition),English
Kevin Gates,Male,United States,English,Hip-Hop,Solo,2007,7589.1,6273.4,1315.7,5418.2,71.3945,2170.9,28.6055,457,0.21,Pre-2010 (Legacy),English
beabadoobee,Female,Philippines,English,Rock,Solo,2017,7552.8,5418.1,2144.1,4710,62.36098,2842.8,37.63902,458,0.396,2016+ (Streaming-Native),English
Karan Aujla,Male,India,Punjabi,Hip-Hop,Solo,2014,7550.3,6212.4,1334.7,1537.2,20.35946,6013.1,79.64054,459,0.215,2010-2015 (Transition),Non-English
C??line Dion,Female,Canada,French,Pop,Solo,1981,7543.1,7093.1,450,6268.7,83.10509,1274.4,16.89491,460,0.063,Pre-2010 (Legacy),Non-English
Bryan Adams,Male,Canada,English,Rock,Solo,1980,7503.2,5958.2,1568.1,6592.7,87.86518,910.5,12.13482,461,0.263,Pre-2010 (Legacy),English
ENHYPEN,Male,South Korea,Korean,K-Pop,Group,2020,7486.2,7178.8,328.1,7290.2,97.38185,196,2.618151,462,0.046,2016+ (Streaming-Native),Non-English
Dominic Fike,Male,United States,English,Alternative,Solo,2017,7485.1,6757.7,735.7,6205.8,82.90871,1279.3,17.09129,463,0.109,2016+ (Streaming-Native),English
Ana Castela,Female,Brazil,Portuguese,Sertanjeo,Solo,2021,7467.3,7464.6,26,1330.8,17.8217,6136.5,82.1783,464,0.003,2016+ (Streaming-Native),Non-English
LANY,Male,United States,English,Pop,Group,2014,7453.2,2524.9,4942.4,6424.3,86.19519,1028.9,13.80481,465,1.957,2010-2015 (Transition),English
Johnny Cash,Male,United States,English,Country,Solo,1955,7450.6,6491.8,961.4,5866.4,78.73728,1584.2,21.26272,466,0.148,Pre-2010 (Legacy),English
B.o.B,Male,United States,English,Hip-Hop,Solo,2007,7431.9,6391.9,1058.7,528.2,7.1072,6903.7,92.8928,467,0.166,Pre-2010 (Legacy),English
Jason Aldean,Male,United States,English,Country,Solo,2005,7423.5,7117.2,319.9,6510.5,87.70122,913,12.29878,468,0.045,Pre-2010 (Legacy),English
Luan Santana,Male,Brazil,Portuguese,Sertanjeo,Solo,2009,7416.8,4668.1,2767,4913.6,66.2496,2503.2,33.7504,469,0.593,Pre-2010 (Legacy),Non-English
KHEA,Male,Argentina,Spanish,Hip-Hop,Solo,2017,7405.6,6405.3,1014.5,639.2,8.631306,6766.4,91.36869,470,0.158,2016+ (Streaming-Native),Non-English
Maiara & Maraisa,Female,Brazil,Portuguese,Sertanjeo,Group,2013,7388.4,3471.7,3933.9,2317.8,31.3708,5070.6,68.6292,471,1.133,2010-2015 (Transition),Non-English
Mc IG,Male,Brazil,Portuguese,Latin,Solo,2015,7387.8,2807.5,4581,359.7,4.868838,7028.1,95.13116,472,1.632,2010-2015 (Transition),Non-English
Tiago PZK,Male,Argentina,Spanish,Hip-Hop,Solo,2018,7377.9,4274.5,3113.3,716.5,9.711435,6661.4,90.28857,473,0.728,2016+ (Streaming-Native),Non-English
Tom Odell,Male,United Kingdom,English,Pop,Solo,2012,7352.6,3894,3483.8,6069.3,82.54631,1283.3,17.45369,474,0.895,2010-2015 (Transition),English
Macklemore & Ryan Lewis,Mixed,United States,English,Hip-Hop,Group,2009,7347.9,6711.8,643.7,114.9,1.563712,7233,98.43629,475,0.096,Pre-2010 (Legacy),English
Thomas Rhett,Male,United States,English,Country,Solo,2012,7337.5,3928,3422.3,5340.9,72.7891,1996.6,27.2109,476,0.871,2010-2015 (Transition),English
M?ÿ,Female,Denmark,English,Pop,Solo,2006,7335.2,6735.6,602,1341.8,18.29262,5993.4,81.70738,477,0.089,Pre-2010 (Legacy),English
Five Finger Death Punch,Male,United States,English,Metal,Group,2007,7326.6,1671.1,5664.1,6816.6,93.03906,510,6.960937,478,3.389,Pre-2010 (Legacy),English
Kane Brown,Male,United States,English,Country,Solo,2014,7313.2,7318.3,8.3,2901.6,39.6762,4411.6,60.3238,479,0.001,2010-2015 (Transition),English
Laufey,Female,Iceland,English,Pop,Solo,2020,7286.8,4703.7,2609.5,6083.2,83.48246,1203.6,16.51754,480,0.555,2016+ (Streaming-Native),English
Grupo Menos ?ë Mais,Male,Brazil,Portuguese,Latin,Group,2016,7277.6,6836.9,455.9,3003,41.2636,4274.6,58.7364,481,0.067,2016+ (Streaming-Native),Non-English
Nicki Nicole,Female,Argentina,Spanish,Latin,Solo,2019,7256.2,2470.4,4785.8,976.1,13.45194,6280.1,86.54806,482,1.937,2016+ (Streaming-Native),Non-English
Moneybagg Yo,Male,United States,English,Hip-Hop,Solo,2012,7252.1,4583.7,2668.4,2499,34.45898,4753.1,65.54102,483,0.582,2010-2015 (Transition),English
Magenta,Female,Italy,Italian,Pop,Solo,1997,7239.7,0,7239.7,0,0,7239.7,100,484,NULL,Pre-2010 (Legacy),Non-English
Ryan Lewis,Male,United States,English,Hip-Hop,Solo,2008,7237.6,0,7237.6,0,0,7237.6,100,485,NULL,Pre-2010 (Legacy),English
Morad,Male,Spain,Spanish,Hip-Hop,Solo,2018,7209.6,3303.8,3905.7,2183.8,30.29017,5025.8,69.70983,486,1.182,2016+ (Streaming-Native),Non-English
Calum Scott,Male,United Kingdom,English,Pop,Solo,2016,7192.6,4689.2,2505.3,3982.2,55.36524,3210.4,44.63476,487,0.534,2016+ (Streaming-Native),English
TOMORROW X TOGETHER,Male,South Korea,Korean,K-Pop,Group,2019,7182.1,6877.5,304.7,6118.4,85.18957,1063.7,14.81043,488,0.044,2016+ (Streaming-Native),Non-English
Grupo Marca Registrada,Male,Mexico,Spanish,Regional Mexican,Group,2015,7123.4,5595.9,1527.5,3002,42.1428,4121.4,57.8572,489,0.273,2010-2015 (Transition),Non-English
benny blanco,Male,United States,English,Pop,Solo,2007,7114.1,4400.3,2716,3.9,0.05482071,7110.2,99.94518,490,0.617,Pre-2010 (Legacy),English
JID,Male,United States,English,Hip-Hop,Solo,2010,7073.7,2882.3,4191.4,1158.3,16.37474,5915.4,83.62526,491,1.454,2010-2015 (Transition),English
YNW Melly,Male,United States,English,Hip-Hop,Solo,2017,7061.3,7067.3,0,4346.8,61.55807,2714.5,38.44193,492,0,2016+ (Streaming-Native),English
Juan Gabriel,Male,Mexico,Spanish,Latin,Solo,1971,7059.2,6505.8,557.1,5676.3,80.40996,1382.9,19.59004,493,0.086,Pre-2010 (Legacy),Non-English
Los Temerarios,Male,Mexico,Spanish,Latin,Group,1977,7059.2,6607.2,446.9,7059.2,100,0,0,494,0.068,Pre-2010 (Legacy),Non-English
Jason Mraz,Male,United States,English,Pop,Solo,2002,7048.5,6851.4,199.1,5805,82.35795,1243.5,17.64205,495,0.029,Pre-2010 (Legacy),English
The Cure,Male,United Kingdom,English,Rock,Group,1979,7034.1,7035,3.3,6940.1,98.66365,94,1.336347,496,0,Pre-2010 (Legacy),English
The Mar?¡as,Mixed,United States,English,Pop,Group,2017,7029.1,5774.4,1261.4,5705.9,81.1754,1323.2,18.8246,497,0.218,2016+ (Streaming-Native),English
Limp Bizkit,Male,United States,English,Nu Metal,Group,1997,7018.9,7018.4,5.4,6806,96.96676,212.9,3.033239,498,0.001,Pre-2010 (Legacy),English
Korn,Male,United States,English,Metal,Group,1994,6976.4,4188.4,2798.5,6414.9,91.95144,561.5,8.048564,499,0.668,Pre-2010 (Legacy),English
Omar Courtz,Male,United States,Spanish,Reggaeton,Solo,2017,6972,6956,20.3,1876.2,26.9105,5095.8,73.0895,500,0.003,2016+ (Streaming-Native),Non-English
